{"long_s": 30.0818147, "lat_s": 31.2782898, "velocity_s": 0.0, "acc_s": 0.1496373282601546}