{"long_s": 30.0464457, "lat_s": 31.389383, "velocity_s": 0.003159334, "acc_s": 0.1364718123113911}